,4yr B_score,10yr B_score,30yr B_score
Event_1,0.3562388303509898,0.24136661979938498,0.0006796680157615619
