,4yr B_score,8yr B_score,18yr B_score
Event_1,0.30733370025612633,0.31561076855392367,0.026350643635468587
