,4yr B_score,10yr B_score,17yr B_score,30yr B_score
Event_1,0.2897153016597645,0.1627372731379411,0.028157157063553,0.0029490108356567866
